<?xml version="1.0" encoding="UTF-8" standalone="yes"?>
<manifest>
  <control namespace="FieldPCF" constructor="BooleanSliderPCF" version="0.0.4" display-name-key="BooleanSliderPCF_Display_Key" description-key="BooleanSliderPCF_Desc_Key" control-type="standard" preview-image="images/thumb.png" api-version="1.1.0">
    <property name="BooleanSlider" display-name-key="Boolean_Slider_Name_Key" description-key="Boolean_Slider_Desc_Key" of-type="TwoOptions" usage="bound" required="true"/>
    <resources>
      <code path="bundle.js" order="1"/>
      <css path="css/BooleanSliderPCF.css" order="1"/>
      <resx path="strings/BooleanSliderPCF.1033.resx" version="1.0.0"/>
    </resources>
    <built-by name="pac" version="0.3.4"/>
  </control>
</manifest>